"Commit","RefactoringType","Before","After","BeforeLOC","AfterLOC"
"d14d8e0b25f1faa30790e5f42a5bd83b4d117620"
"fe605b5cd210047ae3bb73d2b69a5b912a9b423d"
"c257c412d547ac70fcaf5596c1a50a7cb832c1fc"
"0c6ad5903d2bf9337762caa9c357247279c230c3"
"38702a96eb1a4fdd9247cb4222f643df1dff8de5"
"86d09511dd823ed31e0831ec763b54502237bbc0"
"041ffc3b3ca306b73751633dffa9c3039ed32566"
"4c1bf4baa859c60a1eee563c47aeec9607a3082b"
"15a47622d6a9b3e6a1eaca2681e4850f612471ea"
"bc65f59aa7c5e058a54db80a1d135fe535cd841e"
"91fabb27408f27682d2d33f6fb05185eaf3b5c69"
"193055505b41b7df064b398e4ff7b0e38bc94c3c"
"05b0f2ea91a6b43158b879935f355b6c15582965"
"83248a84fd9416126c7172a7dc3e0155ffd28742"
"8f40ed46930acc223c41c6dd4030b212b97f5e83"
"28c5b1ca85fc913d6cfce03e27d540a014a69709"
"3470498c2c8e313bfdab19090dec587b179c050d"
"30db18a5fcc772c2dfcc128d4d824afc22eb282c"
"192cbf4791841b6a2a29e2a27f685d1ed701830d"
"6d42b4c2eaffb7a9d045212ae687dc93f58d4a2c"
"bd6e4ace7baa41ada9cc6c5dff4f98d5cb3587e5"
"ea85ee43ac76921d196672ba6bbea8c415b1550d"
"47960bb6a35da55c2f5bd976cc5faca992b31fd2"
"27497b07668585b5311e2fc149dbf29d3039d203"
"c67a929a58da4b8de581920855166c7d681a8522"
"c27d002363c8a3eae2557f3cc48cbb38b33e25a7"
"17f51496f2ff8a9c30084c795a3446aea65c66e7"
"d936bb9531264874973a59c164e3b7e91bcad303"
"4ee14be25738bc5cbab4598ef4696c72be88650d"
"49ea61d01941c174012fd435f48ec64003e1d8ed"
"413b3640d8a174080b7d3aae32a9fe9c94749325"
"5e1670c5e4bf0e0a90be159956c9986fbbb902a0"
"0786d50d619855cc7d0ee3499b75713141b0fa70"
"d7e6666a1d13773453300fa10b0dd414178a8c42"
"168ddd50232ad919429dda389bc0b8ed5403f85d"
"137a3f35d9b8b9555b63e9b07891dfcad1a56875"
"6abd9cd0d0cdece11a25274138da13aba18c7c2d"
"63c0d4c0afb7cbbfb92792096443682f6bee37c8"
"52c4e0b770dbfedeedc75e203337f633c2d4356f"
"4d0941f9063dcd0d2100409dd3e25740c71316df"
"44c53faff987ef3c7a9678f71573225537381dac"
"2c89c9ed6d42d26659fb196fee800afc5d7731aa"
"d146ecf63e2db5f98b831fa748fe10f027121159"
"5de83fca73302e6ea79e81c94ea2773ae337cc18"
"53dada398ce5f711accb13ac311433649211b398"
"23eb13b4ba5c439423453a6ddd520dea131e3335"
"767c88c326dd44f6699d5e861aa593cc9e95f2f1"
"13a1ae6a2b53f33c3fddc8b8df4984bb89e0a9c1"
"55e83dc2b1e6ac8424ca0b3c639c0925ce3cc1df"
"1aaaa6f5e0c4ee9ea54222c70dfee6f6b9dca038"
"cca63d9617ea1b1abf0af8e0a21483986e7e7c1a"
"0384255959c61a08c43930abb71caf9d760525e7"
"776255d52d521a4d36cb29f178c21f008d0fc793"
"8412a652ddae77553a9442708a527d0e616939a3"
"5c01da26e4b18a61790247854141a02df9474465"
"a66382bc2bd8a3f7b3db8b874d15f3119f1927bd"
"6266044cecbcdc468eece87a555067030b29b7c4"
"8faf95ea04a17a6693871021f94a5502ac4d537c"
"38b39ccbe6669892f7329bb7b57f4d35513120fc"
"5477c3ae9a717175dc0252c06165c0d9298d9673"
"52c9004f781a6311e2ea062c1b91c9e5d8b91bcb"
"b842c65c0d0d31fa2869a24d3cf1b66afc75b503"
"ec88eedca18066d7f4764d418c117de8694f5574"
"20124cb7b0014f7fef2b17e0085e216dc7ac5eb3"
"3968aa12e31905b35985ba93bac1de9315ce78a9"
"70a4158b3c00ba359e2b01e318a0e659dac25f9f"
"96b16e0b7c7c2b9adf79bf0019eb686f0b144206"
"84c12acf2834aecdeea7dcad9f1eb9929c5e1c62"
"951c259133d4d76c506591cb72b0284da9053e5a"
"b8089065bd617bcdc2dba01db5816631be90fca7"
"8eb36178fb485d159330c94a2194fadcf089158e"
"80ba8e191d3656fb01d2abcd347fae4bf889ebeb"
"33fb70a7d763670b3659bd0f63ce52b996babd35"
"90c7ab1c378a67ef0324353e0e1a5ecd153859c1"
"a75828f81d6c6026c26121e897f2bafc9ca00f85"
"3fc27d69037543b7787dcafee502a38f60e66411"
"dadebfe311797ba111c170064f3f784a56c249b4"
"e0c724ff6df6c4b40e9dc36693094941aadbc0b4"
"8fd560e26b7b2ee44f020f3c8acffadcb5a2b1fa"
"85a92ecf66e9b73cde9810cd032a07e9dc1f6580"
"0b2a47786221c7ffbfd7626a37ccc8fd60fa7eac"
"237060662fbc480c08973294ff978fa8dabafcd2"
"c3aaa59e3781e50b78520b4062bd3b68fd54fda5"
"60515de9bdf9a4533b33f0262d97d488ef89dbea"
"5108a71013a7d5342882bc129abe1c22b910bcf0"
"589e7369f96f790c16a5f140e379d9520642e39b"
"434c6d3d221f57f81dad016eaad74a64dcc65d5a"
"f7fb85620b09b4e9a5859e4b29c196b212964a5a"
"51f52b6b534418bd36059a8c86afd0728bde2a5d"
"149a12676ce1f940652a0908c61d704bc7a0452c"
"ababf25831f0e43e20270182bc7c15ccb0674656"
"15de9a293f455479800e7d131409ee6887403722"
"fad8f04871295de6b901d49f4d08e43eeb34935f"
"80d58672c612b2476f6141221b1a171349b8f005"
"710fec3b12fed81b9dcdb5f672382e2a7cfc98fe"
"6c2403a266993c39586f06b9bf692c66b9dfad65"
"bced5eca7042c368fb5ba54e130b35a1c94a8c2d"
"9ffd2c95d10582b57c0e4982a1ec6fe3e8aed3db"
"9756c7d40142c3131bedf8291d686efd445614a4"
"174f882463e663329344b7612b60a382a3cc5870"
"e57b886a978cc17d378638ba446fde360bb1ec7f"
"c2fe27f19a87907721240a9a752b3da24275b911"
"bd09bcb0de4fd1166d79d83cb6e777f789e022b5"
"e29394a683add24acd6a0b4bbccb39fbb7c40e5f"
"a5c1beb5edd319682a95644c5bf56217a35b7c9f"
"a30f5c83d4d8ea7147f5b57893c6efad53ff240b","EXTRACT","{method_declaration Run() at martini.go:73}","{method_declaration RunOnAddr(addr string) at martini.go:73}","13","9"
"49b8c417a1390f0c3a44b8f86768292cb499095a"
"143115bf5b9f333fd63ea8d736afcec3fe5f1f8b"
"e05fdccf9d9dabcc0a2d642540a65432488faa90"
"1b33fd5195fbf89f82eaf24c218f8ddbb2743c48"
"4d275a47b34e7984016b7e0ffd1016891e814a2d"
"9b87d1dcee9a333c83ad52ef2dafed2deff66196"
"b52404040f69fea6083ed983f1aa3e81a5b02faa"
"2d11b3f0b1243031b1ffd13e725db1276198ef50"
"4bdfdde2d3fbd73d5952286c0d0935f507bc7fc1"
"d8b302245a16bb0d2e981dfa43f64592cda599cd"
"a8de8ac49b0b1f0fc99db4ab3aa0c5cfedbdc288"
"863c128470a915b6563867094e20bb417469f080"
"9479c7cc798eb9a0a13f4014a5ad2097bb2807e9"
"69b1f200f7b7846027b57d7fa527831a6134f44d"
"a82e3f4be955f04bc45e525cecb5193b64b6e4b2"
"d6dbf549f64849bc0ba4585e2ec62d0dacf311c6"
"c239e68b4c34528724ac95b0d44fd336fdec116c"
"3d181e501398ddceb21029bf35cb070f8b6c1bec"
"0210da57dadc50b0f4a749f39435102f9ef4f2b8"
"c8f1bfa5e2c1cfa09a49beda7d2c00b94f256d34"
"2be78592d8e4a389d18afa30fc7ec2e3758c89c6"
"344269c573d687bd9f911a120309809fc6a2c608"
"2c66c9418a43ed6636d604e29e31982e6e798d7b"
"979ce8ed0ef3c1574d917b764f98d68d3561860c"
"c86141d28f1ae1005d64dc3453738efc96c4aa58"
"8e809be6fbc54371ab9de8824ce3f249f46fb4b8"
"37d6716c45efb172cd7074a6f29de02945f17353"
"94426c90cf5397e782bbd28f02406827a5a740f1"
"c6106a3d5f2e2e3e6d4488ea8bb77389ca082d66"
"55a25f7a9cc50730bdc2f433c12df7a4e420ae3b"
"3099f0b3fc5ac5331c1b764d120fb8f5e700adca"
"f4b026719dd9a0cd2e779e9e5e1291f63330040b"
"97fa12d1a5ed93e9ece71d3205047599554c0f78"
"4d46ae9de1f276efa40e0d362258669d6b98bc3e"
"4a5f032029661beda129d81216c54cfa736ca7f5"
"475f3ab8f67e8e61f5b0d8518ab544458f848200"
"0a0b9e7cb4bfdbf5fa585b296b0bf7027e4044c3"
"f160e74dfd88c5d22220d52cf2a65963fbb1fba8"
"80d8dd6c1e5d5fd2ad95103366ffefa4c584dcc1"
"e659f7d34fb2d8040cb401a7331f3bc61e297538"
"ec2404d55805f03e7b403a3e6e5a67022f0f4634"
"5f090c9edf8770a0b11523618936d7f8a2539be1"
"c11ffb2e09113924656128f8eb046bda97c55ed1"
"1d33529c15f1902ed091472fac8914574c5b6f66"
"815571893d55ec0efb07ae5f3aae7d62787bcfd0","RENAME","{function_declaration Test_GetAllRoutes(t *testing.T) at router_test.go:424}","{function_declaration Test_AllRoutes(t *testing.T) at router_test.go:424}","15","17"
"815571893d55ec0efb07ae5f3aae7d62787bcfd0","RENAME","{method_declaration GetAllRoutes() at router.go:291}","{method_declaration All() at router.go:304}","9","9"
"4cbd720ebdc53d0852fb822ed21fa8d0ba40c959"
"d68dc967526f945e250e2d1e6c337648374dc4db"
"e1b8dea7e0b2eb80f529f97950b506b542a045b9"
"4fb96d03f1278bc075c55add3350b1fb97404fcb"
"2fd134a82911d5e2db5287807a9cec559bab355f"
"9399467362071fec5b06c162e99f7d0457e7face"
"2153f63ac8e05f4b42943c101a69330132c2795c"
"bbe60ba962de9b5627873af719f1c98133d43afb"
"341fe1b77783d5800a060fedcc16185e11aeb8fc"
"55601ecba6fde0da447e0f32d8dbd5b5c3aa2423"
"6b55f66fb550ee38ca12b276ad57ae4338532e21"
"c3aa9027f48c25275889bd7ec785d7123e6e5be0"
"16b0c35d09b59512257e83be9f0e737b0d705f2e"
"b6240e5f57568483884f31a7e026ae8a3471b551"
"920dde7563528bad295454a7bb8d9dc65805978e"
"172c2496e01010f1f73664b1168e606fb6880d7c"
"b31dad2fc4549a8dc20ce63b11484901bf132ac0"
"e42150e93f948a1ed35bd1344c878d94ce2bd6ec"
"61e76c9eb345896fe17d2abfc4509198c7b35515"
"5e9091d74cf11590955708230063a0b6708ef10f"
"1605617e95dc45a377da8110a1a4409c994cef14"
"5dd82c18c2e2877eeb0ac772bd75c761f3672014"
"7ad4037049c4fcc195f8fbc1aff05025be7553bc"
"07eaab39e5e3544f62c334f8380cc6bc0398fdea"
"c79fe4beddaa01ecf03af2ee7f7965e24bbb199b"
"1a87e173e3952b271685152aa1ef37ff5f84e9e2"
"7885d94c5bc6ce7547efc6d2160029df3d5a71f2"
"a4330662c17e7246f1bb393102f760248d91f04d"
"1aaf38fae4437bbd96e6e0088674d693425e786f"
"cbe7c3e09678de3f6111b8c0bdacda2da91dc05e"
"c5c63359d3d934deb67cd168fafecd9a401b1834"
"f8c06a713c1eaa4b7846ec11419d6e8e0e05a929"
"82aaee73f6bb8dd9b1f845c69170c363255daf4a"
"f925b302e3942ad836810ff659ad11a54989e188"
"c610e1f187eef193e91f5239ab5c844f6176ee7a"
"9a47ed3fb4d162963587c14927bb60c3fdb3d981"
"cab2ee60a6dfb2ab2cd742fbc0ba35b135b1205d"
"585e4f46d69b0f4efeff5a66e6f37a0b157baa27"
"487824a7a5ad8e4485e6d8e9b0eff64223610eb9"
"35692649d8f3038df59ba073cf6f69db1243f9d9"
"a0955295a133e1c793d7754b991120c52072cce5"
"5aadb1252370556cb122ae1b39c29e25cc8e3ae0"
"1f403fc177d936710e07f699a5356e04dd0ad082"
"06dc3e9688c52f273f9cd8cd833e08b50e49b677"
"12d364067046d40ac83b60bece882c0a78455700"
"c8d873108b84853483c2de1cef1473257b575f13"
"0f0ba53974096f51bcb6b5b466fdf678191e9f0e"
"a3a27048ec9d23222ef0d423a876f6520d6f5ad6"
"c32e991a6aa9a1f30081668117614ac707e7b5ae"
"18a83f3f6bc655a33ba41033ba3b42489e049b69"
"5f91d5c133b0f771b2939361d82cd35b184de664"
"46fea4674e2cc437f978b3d66f8a9a2bbc5846df"
"c51afe90608d13478781ec96a44f65c832714730"
"1e9553f61962534057a286e26046bbf6501d73ac"
"26855a7361c63a6466c81a359d966c341085290b"
"b34eed601c9eb3980110284e47c393e75afb0576"
"ec8d4d37dc5b5871e1b04d3df4d13d26db34bf07"
"02a2cafacd3356e00d8ae7dd1de775322579e83d"
"1c3ccf189fdb5c4d60dcc3396d8eac08d04eaf82"
"8866133674c3b308c45fb63d9142462b79902748"
"c056cd3a229c00ad34c6a6a2d3df1df82d75ed58"
"9eab46a1e15cdc0c9644b0505ffbd2ca905ab997"
"faa3c59541e65021c496cfaf1b385f1e3e263c34","CHANGE_SIGNATURE","{method_declaration URLFor(route Route, params ...interface{}) at router.go:212}","{method_declaration URLFor(name string, params ...interface{}) at router.go:230}","17","23"
"cdf85e3183bc1d1ac1e0bd6e5bbb6cc5f23ad45c"
"085085325277ebcde3745c1cf73819edd2968766"
"f6cb1e0aef3e183ab8d8b3e14995fc25c81f3302"
"a119163800e8a643f0472d5c5c4525cc981f70b8"
"58bc13af3c7707f8dbfdb2438a370065ae67764a"
"5ee09c8ed97441bd1dea89b10e0972250550ae95"
"890a2a52d2e59b007758538f9b845fa0ed7daccb"
"5ee449963a1fe14723ab7b54d33cb985596958cd"
"34e5f8e0ea4d19910f4099fa20318c25d388b987"
"695ee32fbe5a6418952374ede39417daf53fdc4f"
"3185ecdda1894867ba796e1b6a1274f7ab18f128"
"94b4285289af2569990b5f2608feeab40d9cf500"
"023e107217c633706168970356f697683f70bfd7","CHANGE_SIGNATURE","{function_declaration Static(directory string, skipLogging ...bool) at static.go:11}","{function_declaration Static(directory string, staticOpt ...StaticOptions) at static.go:32}","44","48"
"023e107217c633706168970356f697683f70bfd7","RENAME","{function_declaration Test_Static_Logging(t *testing.T) at static_test.go:60}","{function_declaration Test_Static_Options_Logging(t *testing.T) at static_test.go:60}","20","32"
"7d4ba0e75eccf159587224ae57226024495c004e","CHANGE_SIGNATURE","{function_declaration Static(directory string) at static.go:11}","{function_declaration Static(directory string, skipLogging ...bool) at static.go:11}","42","44"
"69ed4a996a57f24d4c3a9effb2073056867b070c"
"9d0014397455f131f7a7b9836a0f185bfa02e992"
"2f3982be2f5669ca054284ea497b04bb629e3219"
"c03273513565cc13b106ad70ee24e29bc6274a78"
"5a3bda4e74fe1de2c1c683d934474806d92fe1b8"
"063dfcd8b0f64f4e2c97f0bc27fa422969baa23b"
"9d55f6e2291d315634bd7ecd191297f03c7f5246"
"b7d5b0012ec8e175c5372d994d142057820de659"
"16553d6f014d434c10dea240d456e131136680f0"
"5781ec4bc8cc5ecc32ef7778507a22743ba4102c"
"73547cde7ae5ae41cb2eaeb55d69ad1586bd52ca"
"7cbd655d5ca0c2e51301a804c7f879233d858c2c"
"0495019cf5edcf73001e264e2bb1048a4d9a1070","EXTRACT","{function_declaration defaultReturnHandler() at return_handler.go:14}","{function_declaration canDeref(val reflect.Value) at return_handler.go:38}","19","3"
"0495019cf5edcf73001e264e2bb1048a4d9a1070","EXTRACT","{function_declaration defaultReturnHandler() at return_handler.go:14}","{function_declaration isByteSlice(val reflect.Value) at return_handler.go:34}","19","3"
"18dfe5dcd9a3f84a2a317980880d25aff80e93da"
"1c95539943f9c52e457635a4a86fa7a42af4b830"
"73f4727a7df63deb47cf3e1afd85e763792aec0c"
"779133374c001a11efda26c674b732fa5237226a","CHANGE_SIGNATURE","{function_declaration defaultReturnHandler(res http.ResponseWriter, vals []reflect.Value) at return_handler.go:14}","{function_declaration defaultReturnHandler() at return_handler.go:14}","8","10"
"4da51c3a21fea47a2b5f0581c5afd370dd28a9bd","EXTRACT","{method_declaration Match(method string, path string) at router.go:146}","{method_declaration MatchMethod(method string) at router.go:146}","18","3"
"35c234f4308773ac45e5bc51c4a9e72ab92eec16","RENAME","{function_declaration defaultResponseEncoder(res http.ResponseWriter, vals []reflect.Value) at response_encoder.go:14}","{function_declaration defaultReturnHandler(res http.ResponseWriter, vals []reflect.Value) at return_handler.go:14}","8","8"
"3af5b54f100bfc2ab780620a4752a7363bff654a"
"2867a3db6454621998f5dbf912b6a769f47b4abe"
"585652373c33272429328c514515ee4fe4058168"
"62de556196282275d07ba088f76128960dc1a838"
"f2ed591c04edb6be2e987f5e65e9eb7cee22cfd6"
"dc250a0ffad48788aa5c8e0d0257be535c73d209"
"6e40dba98bf979a690eaf6784dc7685c4cdecb33"
"72df3396d511ff7f179aaaed896f8e13bff4ab35"
"6f2168ebc296c3a7698a5929378a9d68b04b7a12"
"cd3e10088953227946fab782d738fb45c0db4f68"
"152f435dd4f0cd8c33c4f3b4e087dab3d3e0b274"
"36439b2e54d08ca34cbe9928084dd09222e44442"
"6c23e315e866cbddca11d87a4faf6f6963002261"
"effe374231bf588543e7ec62eb47657cd0e1f080"
"1c154a3c3a04454e3c39209ee1a49bb06bc1b0a8"
"3263d1c0e2bfcf5d38d32ee201c681c9a24aedb7"
"296ad7e555de04e738c30b0c43e63cb3fc66a8ce","EXTRACT","{function_declaration init() at env.go:16}","{function_declaration setENV(e string) at env.go:16}","6","5"
"c47b31acd673cf0810d14906aab423e943e6ed67"
"e79a3a8dc46fe6d1b50660f3fa4b01bb7d0f20a1"
"d2e7658af8c2f1881fd0997800c4f9eaf8c36351"
"789c3d8f67affa9a0bfa892f7b4686d1be534cb9"
"14a7cc3436df0dd9a24dda30c183457f79b22620","CHANGE_SIGNATURE","{method_declaration NotFound(handler Handler) at router.go:100}","{method_declaration NotFound(handler ...Handler) at router.go:99}","3","3"
"6ecaa1c9dd5cbc5612ca3d4c4372ba07c80fb1f1"
"dd5e262804cf53a3078bc0a0370cd841ab290b74"
"f86ef0561cc5aa2801d41a7277fd480272ad1556"
"2e61e133952a0bdae1775be46fdcd2abab7acbeb"
"477c92e34289f065d09427934c00e66c725579f4"
"d300b737e1773617e4c8c39772b6437521b21d56"
"f060f64b68df1c3d7fe66efa429c1b677ef642c3"
"3a04d7e0f3b04207e6e05da67b1816616b84e139"
"299340a31b92c76eaf2b6a9db79bc5d116ebe1a6"
"468b32397d98b0fff59dc965f77419c419676f7c"
"19c30a50b29e033fb0fde4446f252e2462a583e2"
"d6dea37974e3ba88de6c84a360416cf375748095"
"33ede02451eb6bd17c7c59e27b6b0e7aa9af6f37"
"c5b7389184d31909018876a2c8e5ea1484da0fd6","CHANGE_SIGNATURE","{function_declaration Static(path string) at static.go:11}","{function_declaration Static(directory string) at static.go:11}","42","42"
"9ad5ec065e23ff28f32c99ef614e1322e870c1be"
"442da106541d18dd6187e804348fc8b36effdf57"
"f142c9f3e00131c862c00be13b9e7f96f0e0589e"
"9c74cfc9110dccbabc61a8fd536bc9dba23b7d97"
"5479de30255dbf38d7039c857c3597ed3b64f3ae"
"993cf9db1f5d79201fbe98c6db45dc5a746e5631"
"fa8c9404a7a9773d0ed428dc805ed4091650c2aa"
"384ae70cf4fd11baea1d894904b6b297c44dba2f"
"a23a52500c3490c634ffb48d60909d883ed1f49b","EXTRACT","{method_declaration Handle(c Context, res http.ResponseWriter) at router.go:147}","{method_declaration run() at router.go:215}","20","24"
"b09de1db7066a77fd3706ce59d7adcd9100bcadc"
"f238509159f93bf7647aa261ccacf341b85b1106","RENAME","{method_declaration UrlWith(args []string) at router.go:171}","{method_declaration URLWith(args []string) at router.go:169}","21","21"
"f238509159f93bf7647aa261ccacf341b85b1106","RENAME","{method_declaration UrlFor(route Route, params ...interface{}) at routehelper.go:10}","{method_declaration URLFor(route Route, params ...interface{}) at router.go:200}","17","17"
"f238509159f93bf7647aa261ccacf341b85b1106","RENAME","{function_declaration Test_UrlFor(t *testing.T) at router_test.go:191}","{function_declaration Test_URLFor(t *testing.T) at router_test.go:191}","27","27"
"8e22d06e62f85f689854f1c312bcd96f28495e2d"
"77e957ccefdc7738759aaaef0bf081438ce13a6d","CHANGE_SIGNATURE","{method_declaration UrlFor(routeName string, params ...interface{}) at routehelper.go:12}","{method_declaration UrlFor(route Route, params ...interface{}) at routehelper.go:10}","23","17"
"05faa002ff3af0c5005cd8a710bb090e805a0196"
"8ca497570fb7593e98533b44819245b9a4f563fb","RENAME","{function_declaration Test_Martini_UrlFor(t *testing.T) at martini_test.go:107}","{function_declaration Test_UrlFor(t *testing.T) at router_test.go:191}","20","27"
"8754272d635bf230e2077636adf31c4ec597526c","RENAME","{method_declaration handle(c Context, res http.ResponseWriter) at router.go:146}","{method_declaration Handle(c Context, res http.ResponseWriter) at router.go:156}","20","20"
"8754272d635bf230e2077636adf31c4ec597526c","EXTRACT","{method_declaration UrlFor(routeName string, params ...interface{}) at martini.go:109}","{method_declaration GetName() at router.go:182}","23","3"
"8754272d635bf230e2077636adf31c4ec597526c","RENAME","{method_declaration match(method string, path string) at router.go:122}","{method_declaration Match(method string, path string) at router.go:132}","17","17"
"bcb5c9d24635bd8b8b994e8f7214989f7a7bf9aa"
"a2233c7e9f5ff4bffe35026bc96e037f2fce4b5f"
"15a5938488760af4a3016f433a147cfd191163da"
"7faaf5925d7937c31f389ed9c57624956dfc49bd"
"caf7b49bb108117093baa286c5f28d816c5b3d23"
"da91e6e514a40163e0d630f3b92a38cf39a5271c"
"b714d83b42efbfef81859e7cd00252db8b366dae"
"551f6624f6c49f86ab22d0387dc15c0361118182"
"0c2778cba4659b40a6de3b3dfaac4feeb99b1d21"
"f6bb688b261afee5351f443885c3a8acc0cb5db1"
"bd295516b6ad4bcebd60c17dbf737e10ffba4d56"
"44638f09d10a01bddec5084ba63ad269b53a0a37"
"4d91adbb86127132e099b0eb7d674474f6f93e32"
"525946be528c73b104dc0362b9fa48dcb3d690d1","EXTRACT","{function_declaration Logger() at logger.go:10}","{function_declaration NewResponseWriter(rw http.ResponseWriter) at response_writer.go:21}","13","3"
"525946be528c73b104dc0362b9fa48dcb3d690d1","EXTRACT","{method_declaration Write(b []byte) at logger.go:34}","{method_declaration Written() at response_writer.go:54}","9","3"
"0052aad106e8c7b6dc65e4906d8ae13b810d32b8"
"a8d5dd003035706fdb744f26704dc3df37dd6bee"
"f164fd97ad9f45ff65dda0ef18f51e2cd80ad6fe"
"29c50f9ae1250d7ec7fc7d6b919a52c183cfb272"
"b0d92b128a8af443fc915819475b393ebeff5dec"
"b45a9af1f5d76013ad7eea11476f3b35ada7b011"
"29c8c68a5f07d9bf4c8de2ba72fe84b7b5cc7038"
"18725540228979a3d49b9c08d5bfa62b174f0c69"
"999f84df1921bbbad9142798dd0dda6c1ac1967b"
"62935cad5c78f0d3c5a8a760e6f3de70c837d2ca"
"da662e0f0b3e51cff00f1e9d8b2bb97d8356e189"
"e096c049c4965a869ceee90ffedff5740d6b174d"
"bee8a4dd0449dc62836f9547b0939a7d168714b0"
"db8e38663767ac995f55fb78b90cd4fe188f07e2"
"83903405ba30fdf0f77379423b906678ff1ac3b8"
"89bfbbb35e35c3e4a53935a39e187b3a7f0a4bbc"
"af1b7cc056f750f9a0bac2104078edc7b01e0c88"
"62c3ae4eada81b55d192fcbd07bce3e9cceb3940"
"3302320b936363c25ceae3e2036a68698e4afe78"
"1b982fdf01a3ba7110555910474e6a81339a4ce9"
"17440029d4570af3020258007eb687f66d74b818","CHANGE_SIGNATURE","{function_declaration handler(test formTest, t *testing.T, index int, post *BlogPost, reqerr *RequireError) at form/form_test.go:33}","{function_declaration handler(test formTest, t *testing.T, index int, post *BlogPost, errors Errors) at form/form_test.go:33}","11","8"
"4072945bf41ee9d9a5382a60c37c37157c83b90c"
"1147788aedd5b2e9881135e2386843523c869c97"
"6d3ddb66c3ba4572266c1739f28af3a20080a3d9"
"64ebc943c6eb3dc9f82c011528d4b23f6f0d6735"
"abc2f6607a7f8526b0dea8e1eccf428544f08e49"
"9ed873e1f12459c5cea35a3ff975f0a8c5925054"
"0166813e45ec9e9503eab68c84452b94c16e19d3"
"36349a8a8a6ae50d3cf53f390be44fbb417bbd0c"
"a116953817cf7638d304dbb466c3e0b3fef59b78"
"d30e12b0ffc55f2802a7becb9b8ceda0d2bfe88d"
"927bc492c2217d2db8b4fee54c68574ac811ee2e"
"f9626e7d66db859ccda1f088dae1144bd83688a2"
"1e4aeab7db2abca401ae3889129849e8613e220d"
"53d135ce14e20c0e39806f12abf93a425ebfae5b"
"f63167ef7c86e49410fdff0bef8ab9e95852e964"
"2815b9b186e9b81c71141158487159d5ec6c72a3"
"9b90c8cdd47f7e1e9d73fb7d7cf55575a0a8c4ce"
"50e67e93362c15214d7ab06cf62d5d48137ec52b"
"aa9631c1895fdb994869c0d2772333dda435c4de"
"1180f28ea1bdad2c6118429809e29ea1377a33e6"
"3914046f09eac9e551c0f4a761ddb0e38a01c093"
"45610e11afe4284b02994a3eaa33f99f73bd6784"
"bddc8d2d5a936f7e290854c349270c82087d4a0f"
"c9f89fa8f0e3e31899b9b20f0d5049e9986972fb"
"e3e6602a0d3dbd6079ef979b6e68c2ef90425e41"
"474d144fb3a77d8bc3c20a9a147f77478e8e91d6"
"40cd0a2c247920c46849c36ebeb6f6226578363f"
"c48dbf737bcca12359ce8aef268e1ea461716016"
"d639e8754ac5bea34b27968fb749955655c053bb"
"b3ac3034830bfdd962d92f3d08d0fcd58dc75d63"
"f5006280b961ab6e2a3dc23edf85662620b2b0e8"
"5544d7a689af1749aada4cb01addef1277126b1f"
"2bc27b6fcde5f99cf7f2e1441fbf504227385630"
"369490dcf56fe0c11a5fb07dec2214ed1b4fe656"
"61b4ff8029bbc0e9dcaf427e8371df7d63bde671"
"6c62e6e5fff9702d9f0a633e4294a753c0478613"
"3b5728b39cb813bb461b080101e2b1586ab1011b"
"c2d57fc3fac9ef8dcedd01b7613f7c48cbe57078"
"5080197ef94d83dbe47609a3bd0697707c7b365a"
"fa6cfd92d3844e572125b7a8cd1f57c23a4dc01b"
"962a4a5ca73468733c39aeb81d6758a9b24932af"
"d3e099b4cb3c38d2c7f2bfed7231fae4516482ed"
"61c20b498e30da9d529e3465616ac974dafd324c"
"26a848535946f6a89696a0aa24ca1cafe784570e"
"15db499683579c1349a99416c0b8b9e6cf2b28f3"
"7b62d1c378b5c3e43e24f87c5f7fef1501b9695d"
"c614b3ece8e328a231c1684deaa3257e35c82d1f"
"05f6db6f9df2c2d2d23fc224dd19f75cbdb43a0f"
"b4de18fea5bdf1b33265b28e4ddc4c08e8e03b86"
"db00272664575f945bf6c5a6638bac07d55c7123"
"10ca74910744d86142a6685224672d555f039058"
"64aee546629c873549d2e9a2e72881613dd7e947"
"39a6508fb677df078277439761cda320a3aac99b"
"951d97b3b08e38b3561b9e430a95f859a7f25a3a"
"12781789df013efa03b096fcecc5da44e66e51e7"
"afd0eee3dfed2974a84ceeba8a7c4bac8b97c8a8"
"911a72e1b127f21bf436df286eb9ff23a820edfd"
"2610475448ecd47485f37c8d1fd47f4ddc625bbe"
"077206beaf2453e954b0860117d7c3054abdd9e4"
"584a2d82aa08212ea77b7ecfd0e770214184c03f"
"45b43744b9f8cff7c148efef8a99f3f6e07da57a"
"f36a1e8a162bd7cbfad9b0306eb7c2e8516ccb58","CHANGE_SIGNATURE","{function_declaration Logger(res http.ResponseWriter, req *http.Request, c Context, log *log.Logger) at logger.go:9}","{function_declaration Logger() at logger.go:9}","12","14"
"f36a1e8a162bd7cbfad9b0306eb7c2e8516ccb58","CHANGE_SIGNATURE","{function_declaration Recovery(res http.ResponseWriter, c Context, logger *log.Logger) at recovery.go:8}","{function_declaration Recovery() at recovery.go:8}","10","12"
"ac71524c08d8096f28666caec322e43ad8e37dae"
"b0bc5f6391b9551fe452e90229d2396e1f505538"
"f893b16e0f05e87d7b5adf38e433e0d136cb19e4"
"b946ece2c46ac51f021bd52e90eb58209aa5832c"
"960fb0170d8ab01449cef7bff3018461b343217c","EXTRACT","{function_declaration Basic(name string, password string) at auth/basic.go:7}","{function_declaration unauthorized(res http.ResponseWriter) at auth/basic.go:24}","11","4"
"93c7ec0293e64de71617c343989e41a7879aed33"
"0cfddfa85a848f2dacd9bf5b0e8c48ae9e7d805b"
"aaacd9c6adb29f81a3f76466967987ceda16fd3f"
"c34751cee449d4680258618cd0aa56f4d0128ee1"
"b310661bcf6ad3e0fcc559e13d9c579d3da623f3"
"e426b4fa2fd60243fef1174435ebb9ea1ffa2f6c"
"465aa4f4d46b4d8c61dc22517eb76d867b9160c5"
"8a128c326c988e87e641325c93e824a53ff897a5"
"68b123789c72d2eaf26636655830f159cd14fbcf","CHANGE_SIGNATURE","{method_declaration addRoute(method string, pattern string, handler Handler) at router.go:60}","{method_declaration addRoute(method string, pattern string, handlers []Handler) at router.go:54}","3","4"
"68b123789c72d2eaf26636655830f159cd14fbcf","CHANGE_SIGNATURE","{method_declaration Put(pattern string, handler Handler) at router.go:38}","{method_declaration Put(pattern string, h ...Handler) at router.go:32}","3","3"
"68b123789c72d2eaf26636655830f159cd14fbcf","CHANGE_SIGNATURE","{method_declaration Get(pattern string, handler Handler) at router.go:30}","{method_declaration Get(pattern string, h ...Handler) at router.go:24}","3","3"
"68b123789c72d2eaf26636655830f159cd14fbcf","CHANGE_SIGNATURE","{method_declaration Delete(pattern string, handler Handler) at router.go:42}","{method_declaration Delete(pattern string, h ...Handler) at router.go:36}","3","3"
"68b123789c72d2eaf26636655830f159cd14fbcf","CHANGE_SIGNATURE","{method_declaration Post(pattern string, handler Handler) at router.go:34}","{method_declaration Post(pattern string, h ...Handler) at router.go:28}","3","3"
"641b23b1663b5cedfabcf7797e53e97e55e3bc83"
"b148f4778a0126f623bf8ee90a28d4099051dc42","CHANGE_SIGNATURE","{method_declaration Handle(context Context, req *http.Request) at router.go:46}","{method_declaration Handle(res http.ResponseWriter, req *http.Request, context Context) at router.go:46}","13","13"
"b148f4778a0126f623bf8ee90a28d4099051dc42","EXTRACT","{method_declaration ServeHTTP(res http.ResponseWriter, req *http.Request) at martini.go:38}","{method_declaration createContext(res http.ResponseWriter, req *http.Request) at martini.go:36}","8","8"
"6fe0e1a61476269a4412cb0d01cc0e61a7eb6153"
"c1f0f56bd5036a55e0f77dff84cfc2527ccbcd95"
"1f32006da2289e6c2725d579190ce05c13dc71c1"
"0e8b8fcdca83691b8fa5c2c4dd12c3b30d9903f5"
"d3c16df75ff3e442c5bce12e83e83ea4dbb71b42"
"bdd823a04967f6fba7aa974c1244f1bd0e52af2e"
"a7c64426bc94519195e4db8006a5cc39dc9bee14"
"b8985eaca302999c2f0588040b8b8cda2a04b4b3"
"48c68a638bc265d1f37b9318b75dd63b90ee7b78","RENAME","{function_declaration RecoveryHandler() at recovery.go:8}","{function_declaration Recovery(res http.ResponseWriter, c Context, logger *log.Logger) at recovery.go:8}","12","10"
"48c68a638bc265d1f37b9318b75dd63b90ee7b78","RENAME","{function_declaration Test_RecoveryHandler(t *testing.T) at recovery_test.go:11}","{function_declaration Test_Recovery(t *testing.T) at recovery_test.go:11}","16","16"
"8c1749951a9476c4e545b2a221f1bf0ed659326b","RENAME","{function_declaration LoggingHandler() at logger.go:8}","{function_declaration Logger(res http.ResponseWriter, req *http.Request, c Context, log *log.Logger) at logger.go:8}","15","13"
"8c1749951a9476c4e545b2a221f1bf0ed659326b","RENAME","{function_declaration Test_LoggingHandler(t *testing.T) at logging_test.go:11}","{function_declaration Test_Logger(t *testing.T) at logging_test.go:11}","21","21"
"43a6a982ab36f2b846b405166410980fb2203d05"
"4c0b569c10e366c354dd6157b01f954ead87392b"
"3127045781fa5143ed9504070f69c367059dd1e0"
"eb790aa27dbe8e1999526644e0c2853b77e7e71a","MOVE_RENAME","{function_declaration Test_Recovery(t *testing.T) at recovery/recovery_test.go:10}","{function_declaration Test_RecoveryHandler(t *testing.T) at recovery_test.go:9}","14","12"
"80d0a27a3246585e850f6282500c3e3681a435db","CHANGE_SIGNATURE","{function_declaration handlePanic() at recovery/recovery.go:14}","{function_declaration handlePanic(res http.ResponseWriter) at recovery/recovery.go:15}","5","5"
"551da95570018f8507bd7375daaa7e7b6f608bdb"
"189e65a3f2810b9369a357d11ed15e4f0486c750","CHANGE_SIGNATURE","{method_declaration Use(handler interface{}) at martini.go:27}","{method_declaration Use(handler Handler) at martini.go:27}","3","3"
"2c4114670c5e55b9ea0a5ade3272af637a866b9f","EXTRACT","{method_declaration Map(val interface{}) at martini.go:44}","{method_declaration Map(val interface{}) at martini.go:55}","3","3"
"2c4114670c5e55b9ea0a5ade3272af637a866b9f","EXTRACT","{method_declaration ServeHTTP(res http.ResponseWriter, req *http.Request) at martini.go:21}","{method_declaration MapTo(val interface{}, ifacePtr interface{}) at martini.go:59}","7","3"
"2c4114670c5e55b9ea0a5ade3272af637a866b9f","EXTRACT","{method_declaration MapTo(val interface{}, ifacePtr interface{}) at martini.go:48}","{method_declaration MapTo(val interface{}, ifacePtr interface{}) at martini.go:59}","3","3"
"709eeb5419cd8cd173b06cf0045515effad1cf1e"
"8e10d7fb5f16102b98b260c8dd2c98c85f75b6f6"
"1f7e8a3a0ec4e7b5ec930b52e0cfbc3b15607849"
"a2681bdde93d83f659b415c915670877887d2999"
"7a5f14ed70969f1e522bd31b147f336c56b7a4b0","INLINE","{method_declaration run(handlers []interface{}) at context.go:41}","{method_declaration ServeHTTP(res http.ResponseWriter, req *http.Request) at martini.go:20}","2","7"
"73d1cb761689350face7ea2353b752e8d8627954"
"ea1a9185cc808f29176e49b423000416206f1b73"
"0fd8de9e4a333c73fcc9ca84f8171ff05515cc64","RENAME","{function_declaration Test_App_Use(t *testing.T) at martini_test.go:26}","{function_declaration Test_Martini_Use(t *testing.T) at martini_test.go:26}","8","8"
"0fd8de9e4a333c73fcc9ca84f8171ff05515cc64","RENAME","{function_declaration Test_NewApp(t *testing.T) at martini_test.go:21}","{function_declaration Test_New(t *testing.T) at martini_test.go:21}","4","4"
"c2678b9e719a992e85a3fc1903ce15f0fe73d435"
"ad5c4583d34a6e7c3f6819f1844b9f7760270e14"
"b0cd0ae94b17d1f7486fadc2062a98e23ea4800e"
